Name,Age
Richard Andrews,68
Brett Garner,86
Andrea Phillips,70
Brittany Hill,62
Jamie Martinez,69
Lisa Anderson,59
Jeremy Clark,100
Carlos Adams,75
Albert Knight,75
Stephanie Malone,87
Seth Nicholson,61
Alexandria Moore,79
Adam Carr,100
Jessica Pacheco,92
Philip Dean,62
Joseph Anderson,97
Robert Russo,72
Matthew Lee,57
Nicholas Dominguez,83
Katherine Baldwin,55
Richard Herrera,76
Rodney Kent,78
Crystal Stewart,90
Jesus Pacheco,50
Tommy Roberts,77
Amy Nguyen,66
Amanda Moody,74
James Parsons,94
Brenda Cooper,96
Faith Allen,94
Erica Ray,65
Christian Reed,82
Dustin Anderson,58
Thomas Levine,64
Brian Jefferson,66
Kristina Taylor,82
Jennifer Gonzalez,60
Amber Collins,98
Barbara Collins,71
Angela Morgan,77
Debra Hart,98
Jenna Perkins,69
Lauren Gibbs,97
Christina Figueroa,99
Blake Jones,54
Nicholas Herrera,50
Dylan Vega,98
Julie Russell,59
Evelyn Ford,93
Virginia Medina,96
Jason Riley,65
Amy Burns,96
Aaron Ruiz,53
John Lawrence,77
Jamie Cruz,95
Jessica Moreno,99
Jeffrey Johnson,62
Cindy Erickson,74
Adam Scott,69
Barbara Brown,60
Christian Gutierrez,98
Christopher Flynn,87
Maurice Stevens,75
Megan Holloway,83
Jessica Armstrong,94
Michael Howard,76
John Wright,59
Cassandra Brown,54
Jennifer Cox,84
Dakota Nicholson,98
Gina Wood,61
Dennis Shah,87
Steven Tran,100
Dorothy Chavez,100
Mark Dillon,95
Larry Anderson,55
Whitney Gallegos,70
Elizabeth Nunez,79
Sarah Paul,93
Jared Taylor,64
Kenneth Herrera,63
Mark Moody,60
Danielle Brown,72
Abigail Rodriguez,97
Daniel Savage,78
Kara Sanchez,50
Angela Phillips,97
Robert Anderson,52
Mrs. Kimberly Anderson,80
Cindy Jackson,66
Karen Kirk,67
Leah Ball,89
Jessica Mcdonald,81
Chelsea Phillips,65
Lauren Hensley,83
Alexandra Parker,68
Yesenia Stone,93
Kathryn Sanchez,60
Nathaniel Gray,100
Cameron Griffith,86
Charles Franklin,82
Kimberly Grant,84
Mrs. Carla Hill MD,58
Jessica Hayes,57
Kimberly Green,56
Heather Beard,76
Meagan Davis,58
Michael Smith,67
Lindsay Griffin,70
Madison Lowe,75
Aaron Jones,61
Arthur Love,52
Pamela Hammond,92
Michael Rodriguez,73
Michael Tucker,77
Jimmy Alvarez,99
Jasmine Powers,77
Vicki Atkins,61
Noah Summers,84
Douglas Jones,51
Jessica Williams,98
Anthony Barrett,95
Lisa Allen,83
Rebecca Gardner,74
Ashley Smith,66
David Coleman,58
Stephanie Simpson,81
Calvin Jefferson,97
Tyler Bullock,53
Richard Hurley,98
Sheila Ramirez,50
Alexandria Coleman,69
Ricky Morris,63
Kristen Jones,64
Stephanie Harvey,94
Anthony Jones,65
Tiffany Reynolds,87
Michael Gomez,70
April Irwin,95
Heather Baird,92
Gary James,74
Barbara Burns,52
Alyssa Todd,87
Ronald Smith,78
Lindsey Lee,88
Morgan Martinez,95
Austin Larson,100
Anthony Acosta,71
Mr. Aaron Jones,99
Olivia Rodriguez,57
Taylor Davis,54
Joshua Garcia,62
Christopher Bowen,83
James Smith,98
Jacqueline Brown,90
Bradley Elliott,100
Richard Stout,92
Bruce Johnson,83
Amy Wright,89
Jose Hernandez,78
Christopher Rush,50
Andrew Hernandez,90
Joe Ray,82
Kathleen Olson,79
Mark Simpson,99
Misty Ryan,50
Ashley Roberson,91
Melanie Cordova,59
Kimberly Abbott,66
Jonathon Williams,65
Melanie Lewis,73
Sheri Watson,81
Eric Hoffman Jr.,88
Pamela Williams,68
Cameron Wang,77
Wayne Hall,74
Donald Klein,92
Gregory Smith,62
James Townsend,51
Heather Johnson,90
Olivia Wade,64
Nicole Johnson,77
Colton Morales,74
Elizabeth Hobbs,78
Timothy Nguyen,74
Patrick Ortega,95
William Alvarado,65
Jaclyn Anderson,87
Alan Bates,90
Andrea Arellano,90
Tommy Mckenzie,77
Peggy Walker,87
Curtis Tucker,93
Julia Burke,52
Keith Aguilar,100
Amy Thomas,84
Cristina Graham,92
Catherine Downs,70
Timothy Fuentes,76
Janet Cook,68
Jacob Griffin,62
Laura Peters,52
Tonya King,57
Beth Smith,75
Richard Diaz,96
Timothy Oconnor,85
Amber Doyle,77
Robert Charles,64
Victoria Buchanan,85
Mitchell Collins,92
William Murphy,58
Kelly Jackson,63
Michael Howard,55
Bradley Jimenez,62
Karen Griffin,52
Robert Mendoza,97
Dana Rose,97
Tracey Lee,72
Barbara Vasquez,92
Benjamin Roberts,63
Andrew Smith,100
Charles Robinson,94
Julie Avila,56
Carol Gonzalez,88
Anthony Rodriguez,87
Carol Stewart,63
Eric Pineda,82
Raymond Ferrell,83
Taylor Mathis,50
Leslie May,54
Kevin Robinson,65
Trevor Ortega,90
Lisa Hall,72
Shelby Mitchell,88
Nicole Burnett,52
Julie Brown,52
Brandon Davis,71
Paul Turner,77
Christina Beck,58
Matthew Murray,62
Paul Reeves,67
Dominic Powers,78
Mary Cameron,100
Ariana Green,89
Christian Monroe,50
Eric Ramirez,56
Frederick Cain,72
Jessica Thompson,53
Nicholas Burns,65
David Lara,85
Shane Myers,51
Debra Carter,80
Cody Choi,91
Thomas Perry,58
Aaron Wells,79
Christopher Caldwell,63
Patricia Nichols,69
Jonathan Flores,97
Kristine Warren,89
Hannah Gibson DDS,67
Michael Moore,87
Haley Jones,61
Leslie Morgan,70
Brenda Washington,96
Cory Espinoza,67
Amy Johnston,60
Jordan Johnson,93
Jordan Russell,54
Laura Foley,91
Nicholas Bowen,56
Ashley Knapp,81
Cathy Watkins,56
Joseph Murillo,62
Geoffrey Riggs,80
Robin Davis,100
Angela Wallace,55
Juan King,59
Jaclyn Meyers MD,69
Elizabeth Harris,76
Bianca Fields,52
Craig Huber,97
Dan Nelson,70
Theresa Byrd,71
Stephanie Ramirez,95
Susan Cross,56
Pamela Holt,53
Kyle Sherman,95
Tami Atkinson,94
Alison Wright,95
Holly Harris,92
Donna Graves,97
Jennifer Burns,97
Luke Roberts,100
Nancy Wade,53
John Wagner,96
Vicki Garcia,57
Terri Wiggins,56
Chad Robles,83
Cameron Gonzalez,86
Benjamin Mcneil,61
Kristin Guerrero,100
Amber Bennett,55
Carrie Hensley,61
Nicholas Bowen,51
Carolyn Cherry,69
Stephanie Gibson,53
Cynthia Decker,64
Abigail Guerrero,51
Christine Grimes,69
Tina Reed,69
Tara Young,62
Charles Harris,76
Theresa Fernandez,67
Isabel Edwards,80
Lawrence Campbell,72
Cole Rivera,88
Grant Garcia,54
Dustin Myers,61
Michelle James,71
Damon Farmer,54
Kelsey Brown,69
Kimberly Rodriguez,89
Kim Barnes,95
Matthew Hopkins,96
Troy James,75
Kenneth Mahoney,77
Stephanie Hoffman,78
William Ballard,96
Rebecca Osborne,86
Mark Farmer,86
Mike Lee,89
Chase Hunter,93
Emily Taylor,57
Anthony Smith,66
Deanna Shaw,97
Michael Orozco,92
Laura Sharp,95
Michael Reynolds,69
Vickie Long PhD,97
Shawn Williams,60
Shawn Warner,89
Samantha Garcia,76
Alvin Bailey,68
Elizabeth Alvarez,79
Ross Young,71
Sean Martinez,83
Brent Robinson,71
Marc Brock,72
Natalie Thompson,95
Erika Mills,78
William Moore,61
Wesley Graham,87
Gregory Stevens,72
Scott Nolan,77
Michael Webster,83
Brenda Wheeler,61
Casey Anderson,72
Jasmine Wilson,85
Amanda Curtis,81
Brandon Long,56
Megan Vasquez,62
William Hickman,65
Jaime Carlson,97
Scott Holland,60
Dr. Brandon Greene,81
Thomas Hale,79
Erica Smith,62
Gloria May,69
Wayne York,91
Kyle Flores,71
Larry Rojas,88
Vincent Mccormick,66
Brittany Brooks,69
Angelica Roy,53
Robin Andrews,71
Juan Chavez,50
Robert Miller,55
Kathryn Le,58
Christopher Berger,71
Daniel Guzman,76
William Brooks,54
Derek Fitzgerald,70
Mary Chandler,74
Phillip James,92
Terri Franco,69
Martin Flores,77
Lisa Hall,75
Justin Parker,73
Pam Smith,93
Alexander Hodge,64
Katherine Mcfarland,51
Rachel White,68
Natasha Elliott,93
Amy Delgado,99
Brenda Watts MD,55
Sarah Brown,84
Monique Mccann,62
Amy Oneal,58
Christopher Brady,51
Thomas Wallace,51
Sandra Sparks,80
Miguel Woods,88
Laurie Stevenson,66
Rachel Drake,100
Jason Murray,97
John Shelton,74
Ms. Chelsea Brown,54
Christine Gonzalez,88
Penny French,89
Candace Lin,59
Angel Mcgee,60
Dr. Joan Cooper,64
Cameron Smith,55
Sarah Lamb,94
Jessica Curtis,56
Matthew Fox MD,77
Brandon Young,94
Jared Miller,83
Christopher Weeks,56
Mr. Brian Roman,88
Stephanie Pope,63
Jessica Ramirez,73
Hannah Hunter,100
Brenda Nguyen,88
Mr. John Cunningham,50
Kelly Hicks,95
Marie Haynes,52
James Joseph,71
Laurie Freeman,73
Mr. Kyle Warren,74
Amber Acevedo,67
Jennifer Garcia,73
Dustin Jackson,59
Lindsay Allen,88
Jessica Maynard,81
Steven Howard,95
Maria Hart,60
James Smith,73
Jeffrey Wyatt,59
Vincent Fletcher,78
Lisa Yang,96
Cheryl Thompson,88
Michael Copeland,65
Dennis Krause,54
Brent Scott,76
Omar Stokes,85
Hannah Clark,87
Stacy Raymond,84
Kirk Roberts,74
Melissa Goodwin,84
Amanda Vasquez,96
Amber Green,93
Kathryn Henry,71
Melanie Evans,80
Kimberly Fitzgerald,54
Stephanie Hudson,83
Tina Rodriguez,57
Alyssa Miles,76
Michael Smith,66
Stephanie Richmond,93
Robert Sims,66
Michael Weiss,56
Yesenia Lozano,66
Annette Elliott,59
Melissa Wong,75
Shane Mercado,96
Rachael Washington,98
Matthew Simon,80
Jessica Thomas MD,56
Kathy Jenkins,60
Erin Hicks,67
Dawn Fox,71
Steve Gutierrez,84
Angelica Boyd,100
Marilyn Rollins,61
Adam Hernandez,68
Tammy French,68
John Decker,92
John Berry,93
Elijah Ross,61
Alexa Wallace,77
John Alvarado,63
Clinton Edwards,68
Dawn Green,76
Andrea Baker,63
Crystal Brown,61
Angel Lin,86
Scott Smith,58
Anna Arellano,75
Abigail Alvarez,86
Ann Richards,56
Michael Wall,98
Michelle Jones,77
Rachel Hobbs,61
Cindy Cummings,58
Cynthia Webster,74
Benjamin Gregory,57
Joshua Martin,78
Ashley Reynolds,99
John George,87
Michael Baker,86
Rhonda Ford,88
Michael Wells,68
Tammy Anderson,78
Amber Horton,58
Cynthia Taylor,61
Sophia Morrison,84
David Lyons,80
Brad Tanner,61
Natasha Moody MD,79
Collin Foster,97
Michelle Christensen,95
Michael Leonard,75
Sheila Oliver,69
Mr. Jason Fox,69
Ann Cooper,74
Alicia Peters,64
Sarah Kramer,79
Dale Wilson,63
Ryan Thomas,67
Jeremy Myers,94
Julie Hammond,66
Matthew Moore,76
David Baker,96
Alex Long,74
Christopher Davis,99
Arthur Hall,72
Kenneth Davis,86
Robert Tyler,78
Misty Baird,55
Julie Jackson,99
Beth Johnson,95
John James,81
Karen Russell,87
Gabriella Garcia,98
Cory Patrick,60
Eric Novak,61
Karen Davis,60
Heather Riley,69
Joseph Browning,53
Alexis Garza,81
Christopher Kennedy,72
Julie Singh,100
Ryan Hernandez,68
Hannah Johnson,78
Benjamin Hines,99
Brian Nguyen,94
Matthew Weber,52
Emily Rich,71
Joseph Parker,73
Cathy Woods,75
Wendy Harvey,96
Jason Wilson,50
Sarah Duffy,59
Jessica Brown,60
Jasmine Harris,59
Jill Gould,60
Jessica Russo,96
Austin Steele,99
Micheal Valdez,66
Anita Rodriguez,81
Joel Brown,97
Candace Petty,75
Brandon Cunningham,85
James Bates,78
Stephanie Holt,91
Chase Jenkins,56
Wayne Hartman,82
Tyler Hughes,83
Fernando West,68
David Bradley,100
Dr. Mackenzie Allen MD,72
Heidi Hernandez,87
Amber Dillon,73
Michael Banks,76
Chelsea Taylor,72
Nicholas Rose,98
Tiffany Watkins,59
James Jones,66
Christopher Miller,98
Frances Erickson,77
Matthew Young,85
Kyle Miller,58
Phyllis Beasley,92
Stephanie Larsen,61
Jacqueline Rodriguez,72
Nathaniel Anderson,83
Ashley Davis,68
Aaron Monroe,63
Brenda Morales,51
Darryl Baker,88
Megan Gardner,96
Kelly Miller,65
Stephanie Smith,77
Joseph Casey,100
Ian Bradshaw,66
Brian Jackson,56
Vincent Davenport,85
Jonathan Smith,83
Jacob Berry,98
Cheryl Ortiz,54
Lindsay Sheppard,80
Jesse Neal,53
Tracy Hardy,74
Lisa Cordova,100
Angel Burch,78
Brian Carr,88
John Bailey,92
Michael Rogers,50
Robert Lee,98
Kurt Johnson III,90
Donna Zavala,58
Kimberly Gillespie,81
Bonnie Harris,83
Madeline Perkins,75
Jose Cruz,77
Robert Hodges,75
James Miller,86
Sydney Potter,74
Melanie Jimenez DVM,87
Patrick Lane,68
Carol Kelly,98
Barbara Palmer,78
Dana Jones,51
Mindy Porter,80
Charles Walker,96
Kathy Walters,82
Todd Hayes,65
Luis Marshall,56
Eric Klein,71
Larry Acosta,65
Angela Patrick,74
Christopher Crosby,92
Brian Oconnor,69
Timothy Moore,84
Crystal Warren,96
Bridget Newton,58
Katelyn Winters,67
Emma Pruitt,67
Melissa Good,81
Rachael Atkinson,63
Nicholas Williams,93
Dominique Dawson,58
Kim Parker,75
Adrienne Scott,92
Raymond Kim,71
Timothy Boyd,99
Penny Wilson,85
Christopher Hays,73
Shawn Taylor,61
Bobby Hernandez,86
Richard Park,87
Angela Williams,74
Janet Tran,55
Sharon Reilly,68
Isaiah Garcia,99
Michelle Jackson,71
Sara Brown,68
Christopher Taylor,58
Jacob Gray,60
Marcus Hansen,58
Stephanie Stewart,86
Rodney Andrews,86
Steven Kirby,87
Laura Burns,77
Emily Rivera,51
Emily Roth,64
Melinda Morgan,86
Abigail Munoz,60
Julia Ford,61
Justin Lee,81
Mrs. Cindy Gordon,61
Shane Miller,68
Jill Sullivan,61
Tiffany Adams,61
Andrew Warren,86
Elizabeth Baird,86
Stephanie Gould,75
Rebecca Zavala,79
Jennifer Sloan,91
Caroline Rose,72
Cynthia Taylor,99
Glenn Martinez,88
Sarah Jackson,56
Robert Mosley,75
John Rosario,50
Erica Johnson,72
Jennifer Wise,94
Mark Castro,73
Sarah Harris DVM,58
Travis Schultz,78
Paula Hickman,68
Stephen Jones,78
Nicole Pollard,60
Mark Mccormick,100
Anita Smith,92
Mary Walker,80
Christopher Warren,100
Keith Gill,62
Adrian Watson,100
Emma Carter,96
Anthony Wu,100
Anthony Kent,81
Amanda Coleman,58
Marilyn Espinoza,56
Danielle Hernandez,76
